team,name,position,matches,goals,assists,status
Bournemouth,Alex Scott,F,0,0,0,Injured
Bournemouth,Luis Sinisterra,F,0,0,0,Injured
Bournemouth,Ryan Christie,M,0,0,0,Suspended
Bournemouth,Dango Ouattara,M,0,0,0,Doubtful
Arsenal,Ben White ,D,0,0,0,Injured
Arsenal,Takehiro Tomiyasu,D,0,0,0,Injured
Aston Villa,Boubacar Kamara,D,0,0,0,Injured
Aston Villa,Ezri Konsa ,D,0,0,0,Injured
Aston Villa,Amadou Onana ,M,0,0,0,Injured
Aston Villa,Jacob Ramsey ,M,0,0,0,Injured
Brentford,Igor Thiago,M,0,0,0,Injured
Brentford,Gustavo Nunes,M,0,0,0,Doubtful
Brentford,Aaron Hickey,M,0,0,0,Doubtful
Brentford,Joshua Da Silva,M,0,0,0,Doubtful
Brentford,Kristoffer Ajer,D,0,0,0,Doubtful
Brentford,Rico Henry,D,0,0,0,Doubtful
Brighton,Yankuba,M,0,0,0,Injured
Brighton,Ferdi Kadioglu,M,0,0,0,Injured
Brighton,João Pedro,F,0,0,0,Doubtful
Brighton,James Milner,M,0,0,0,Injured
Brighton,Jack Hinshelwood,M,0,0,0,Injured
Brighton,Solly March,M,0,0,0,Doubtful
Brighton,Yasin Ayari,M,0,0,0,Doubtful
Brighton,Lewis Dunk,D,0,0,0,Doubtful
Chelsea,Armando Broja,F,0,0,0,Doubtful
Chelsea,Jadon Sancho,F,0,0,0,Doubtful
Chelsea,Reece James,D,0,0,0,Injured
Chelsea,Romeo Lavia,M,0,0,0,Injured
Crystal Palace,Daichi Kamada,M,0,0,0,Suspended
Crystal Palace,Jefferson Lerma,M,0,0,0,Doubtful
Crystal Palace,Eberechi Eze,M,0,0,0,Injured
Crystal Palace,Matheus França,M,0,0,0,Injured
Crystal Palace,Adam Wharton,M,0,0,0,Injured
Everton,Tim Iroegbunam,M,0,0,0,Injured
Everton,James Garner,M,0,0,0,Injured
Everton,Armando Broja,F,0,0,0,Doubtful
Everton,Youssef Chermiti ,M,0,0,0,Doubtful
Fulham,Carlos Vinícius,F,0,0,0,Doubtful
Fulham,Sasa Lukic,M,0,0,0,Doubtful
Ipswich,Chiedozie Ogbene,M,0,0,0,Injured
Leicester City,Jakub Stolarczyk,GK,0,0,0,Injured
Leicester City,Issahku Fatawu ,M,0,0,0,Injured
Leicester City,Patson Daka ,F,0,0,0,Doubtful
Leicester City,Facundo Buonanotte,M,0,0,0,Suspended
Leicester City,Jamie Vardy ,F,0,0,0,Doubtful
Liverpool,Diogo Jota,M,0,0,0,Injured
Liverpool,T. Alexander-Arnold,D,0,0,0,Injured
Liverpool,Alisson,G,0,0,0,Doubtful
Liverpool,Federico Chiesa,F,0,0,0,Doubtful
Liverpool,Harvey Elliot,F,0,0,0,Injured
Manchester City,Ruben Dias,D,0,0,0,Injured
Manchester City,Mateo Kovacic,M,0,0,0,Injured
Manchester City,Rodri,M,0,0,0,Injured
Manchester,Tyrell Malacia,D,0,0,0,Injured
Manchester,Toby Collyer,M,0,0,0,Doubtdul
Manchester,Kobbie Mainoo,M,0,0,0,Doubtful
Manchester,Harry Maguire,D,0,0,0,Doubtful
Manchester,Luke Shaw,D,0,0,0,Injured
Manchester,Leny Yoro,M,0,0,0,Injured
Manchester,Victor Lindelof,D,0,0,0,Injured
Newcastle,Kieran Trippier,D,0,0,0,Doubtful
Newcastle,Callum Wilson,F,0,0,0,Doubtful
Newcastle,Emil Krafth,D,0,0,0,Doubtful
Newcastle,Dan Burn,D,0,0,0,Suspended
Nottingham,Ibrahim Sangaré,M,0,0,0,Doubtful
Southampton,Will Smallbone,M,0,0,0,Doubtful
Southampton,Gavin Bazunu,M,0,0,0,Doubtful
Southampton,Ross Stewart ,F,0,0,0,Doubtful
Southampton,Jan Bednarek,D,0,0,0,Injured
Southampton,Ryan Fraser,F,0,0,0,Doubtful
Tottenham,Wilson Odobert,M,0,0,0,Injured
Tottenham,Micky van de Ven,D,0,0,0,Injured
Tottenham,Rodrigo Bentancur,M,0,0,0,Suspended
Tottenham,Cristian Romero,M,0,0,0,Doubtful
Tottenham,Richarlison,F,0,0,0,Injured
West Ham United,Mohammed Kudus,M,0,0,0,Suspended
West Ham United,Niclas Füllkrug,F,0,0,0,Injured
Wolverhampton,Yerson Mosquera,D,0,0,0,Injured
Wolverhampton,Bastien Meupiyou,M,0,0,0,Doubtful
Wolverhampton,Hee-Chan Hwang,F,0,0,0,Doubtful
Wolverhampton,Enso Gonzalez,M,0,0,0,Injured
Wolverhampton,Sam Johnstone,G,0,0,0,Doubtful

team,name,position,matches,goals,assists,status
Atletico ,Reinildo Mandava,D,0,0,0,Doubtful
Atletico ,Nahuel Molina Lucero,D,0,0,0, Doubtful
Atletico ,Thomas Lemar,M,0,0,0, Doubtful
Barcelona,Eric Garcia,D,0,0,0,Injured
Barcelona,Alex Balde,D,0,0,0,Injured
Barcelona,Marc Bernal,M,0,0,0,Injured
Barcelona,Andreas Christensen,D,0,0,0,Injured
Barcelona,Lamine Yamal,M,0,0,0,Injured
Barcelona,Ansu Fati,F,0,0,0,Injured
Celta Vigo,Sergio Carreira,D,0,0,0,Injured
Celta Vigo,Jailson,M,0,0,0,Injured
Celta Vigo,L. Daniel De,M,0,0,0,Doubtful
Alaves,Hugo Novoa,F,0,0,0,Injured
Alaves,Carlos Benavidez,M,0,0,0,Injured
Espanyol,Fernando Calero,D,0,0,0,Injured
Espanyol,Eduardo Expósito,M,0,0,0,Injured
Espanyol,Jose Gragera,M,0,0,0,Injured
Getafe,Borja Mayoral,D,0,0,0,Doubtful
Girona,Yangel Herrera ,M,0,0,0,Injured
Girona,Abel Ruiz,F,0,0,0,Injured
Girona,Gabriel Misehouy,M,0,0,0,Injured
Girona,Portu,M,0,0,0,Injured
Leganes,Renato Tapia,M,0,0,0,Injured
Leganes,Enric Franquesa,D,0,0,0,Injured
Leganes,Daniel Raba,F,0,0,0,Doubtful
Mallorca,Pablo Maffeo,D,0,0,0,Injured
Mallorca,Abdon Prats Bastidas,F,0,0,0,Injured
Mallorca,Antonio Latorre,D,0,0,0,Injured
Mallorca,Takuma Asano,F,0,0,0,Doubtful
Mallorca,Ivan Cuellar,G,0,0,0,Doubtful
Rayo Vallecano,Khalid Abdul Mumin,D,0,0,0,Suspended
Rayo Vallecano,Unai Lopez Cabrera ,M,0,0,0,Suspended
Rayo Vallecano,Diego Mendez MD,0,0,0,Injured
Betis,Hector Bellerin,D,0,0,0,Injured
Betis,Nobel Mendy,M,0,0,0,Injured
Betis,William Carvalho,M,0,0,0,Injured
Betis,Johnny,M,0,0,0,Injured
Betis,Marc Roca,M,0,0,0,Injured
Betis,Pablo Fornals,M,0,0,0,Injured
Real Madrid,Jacobo Ramon,M,0,0,0,Injured
Real Madrid,Vinícius Junior,F,0,0,0,Injured
Real Madrid,Rodrygo,F,0,0,0,Injured
Real Madrid,Eder Militao,D,0,0,0,Injured
Real Madrid,Aurelien Tchouameni ,M,0,0,0,Injured
Real Madrid,Daniel Carvajal,D,0,0,0,Injured
Real Madrid,David Alaba,D,0,0,0,Injured
Real Sociedad,Hamari Traore,D,0,0,0,Injured
Real Sociedad,O. Steinn Oskarsson,M,0,0,0,Injured
Real Sociedad,Kieran Tierney,D,0,0,0,Injured
Valladolid,Selim Amallah,M,0,0,0,Doubtful
Sevilla,Chidera Ejuke,F,0,0,0,Injured
Sevilla,Orjan Nyland,G,0,0,0,Injured
Sevilla, Lucien Agoume,M,0,0,0,Suspended
Sevilla,T. Nianzou Kouassi,D,0,0,0,Injured
Sevilla,S. Idumbo Muzambo,M,0,0,0,Injured
Sevilla,Nemanja Gudelj,M,0,0,0,Doubtful
Sevilla,Saul Niguez,M,0,0,0,Injured
Valencia,Maximiliano Caufriez,D,0,0,0, Injured
Valencia,Pepelu,M,0,0,0,Suspended
Valencia,Mouctar Diakhaby,D,0,0,0,Injured
Valencia,Ruben Iranzo,D,0,0,0,Injured
Valencia,Thierry Correia ,D,0,0,0,Injured
Valencia,Rafael Mir ,F,0,0,0,Injured
Villarreal,llis Akhomach,M,0,0,0,Injured
Villarreal,Alejandro Baena,M,0,0,0,Injured
Villarreal,Nicolas Pepe,F,0,0,0,Injured
Villarreal,Juan Foyth,D,0,0,0,Injured
Villarreal,Alfonso Pedraza,M,0,0,0, Injured
Villarreal,Ayoze Perez,F,0,0,0,Injured
Villarreal,Pape Gueye,M,0,0,0,Injured

team,name,position,matches,goals,assists,status
Milan,Luka Jovic,F,0,0,0,Doubtful
Milan,Ismael Bennacer,M,0,0,0,Injured
Milan,Alessandro Florenzi,M,0,0,0,Injured
Atalanta,Gianluca Scamacca,F,0,0,0,Injured
Atalanta,Davide Zappacosta,M,0,0,0,Injured
Bologna,Dan Ndoye,F,0,0,0,Injured
Bologna,Lukasz Skorupski,G,0,0,0,Injured
Bologna,Michel Aebischer,M,0,0,0,Injured
Bologna,Oussama Azzouzi ,M,0,0,0,Injured
Como,Ali Jasim,M,0,0,0,Injured
Como,Maximo Perrone ,M,0,0,0,Injured
Como,Gabriel Strefezza ,M,0,0,0,Injured
Como,Sergio Roberto ,M,0,0,0,Injured
Como,Luca Mazzitelli ,M,0,0,0,Injured
Como,A. Gabrielloni ,F,0,0,0,Injured
Empoli,Saba Sazonov,D,0,0,0,Injured
Empoli,Szymon Zurkowski,M,0,0,0,Injured
Empoli,Tyronne Ebuehi,D,0,0,0,Injured
Empoli,Jacopo Fazzini ,M,0,0,0,Injured
Empoli,Alberto ,M,0,0,0,Doubtful
Empoli,Sebastino Esposito ,F,0,0,0,Doubtful
Fiorentina,Albert Gudmundsson,F,0,0,0,Doubtful
Fiorentina,Amir Richardson ,M,0,0,0,Injured
Genoa,Ruslan Malinovskyi,M,0,0,0, Injured
Genoa,Vitinha,F,0,0,0, Doubtful
Genoa,Pierluigi Gollini,G,0,0,0,Injured
Genoa,Junior Messias,F,0,0,0,Doubtful
Genoa,Caleb Ekuban,F,0,0,0,Injured
Genoa,Koni De Winter,D,0,0,0,Injured
Hellas Verona,Martin Frese,F,0,0,0,Injured
Hellas Verona,Ondrej Duda ,M,0,0,0,Injured
Hellas Verona,Juan Manuel Cruz,F,0,0,0,Injured
Inter ,Hakan Calhanoglu,M,0,0,0,Injured
Juventus,Arkadiusz Milik ,F,0,0,0,Injured
Juventus,Nicolas Gonzalez,F,0,0,0,Injured
Juventus,Bremer,D,0,0,0,Injured
Juventus,Dusan Vlahovic,F,0,0,0,Injured
Juventus,Juan Cabal,M,0,0,0,Injured
Juventus,vasilije Adzic,M,0,0,0,Injured
Juventus,Douglas Luiz,M,0,0,0,Injured
Lazio, Nuno Tavares,D,0,0,0,Injured
Lazio, Gaetano Castrovilli,M,0,0,0,Injured
Lecce,Kevin Bonifazi,D,0,0,0,Doubtful
Lecce,Medon Berisha,M,0,0,0,Doubtful
Lecce,R. Catalin Burnete ,F,0,0,0,Doubtful
Lecce,Lameck Banda,F,0,0,0,Injured
Lecce,Balthazar Pierret,M,0,0,0,Injured
SS Monza 1912,Omari Forson,M,0,0,0,Doubtful
SS Monza 1912,Roberto Gagliardini,M,0,0,0,Doubtful
SS Monza 1912,Matteo Pessina,M,0,0,0,Injured
SS Monza 1912,Stefano Sensi,M,0,0,0,Doubtful
SS Monza 1912,Alessio Cragno,G,0,0,0,Injured
Parma Calcio,Alessandro Circati,D,0,0,0,Injured
Parma Calcio,Mateusz Kowalski,M,0,0,0,Injured
Parma Calcio,Hernani ,M,0,0,0,Injured
Parma Calcio,Lautaro Valenti,D,0,0,0,Doubtful
Parma Calcio,Adrian Bernabe,D,0,0,0,Injured
Parma Calcio,Yordan Osorio,D,0,0,0,Injured
Roma,Mario Hermoso,D,0,0,0,Doubtful
Roma,Eldor Shomurodov,F,0,0,0,Injured
Roma,Alexis Saelemaekers,D,0,0,0,Doubtful
Napoli,M. I. Folorunsho,M,0,0,0,Injured
Torino,Duván Zapata,F,0,0,0,Injured
Torino,Ivan IIic ,M,0,0,0,Injured
Torino,Perr Schuurs,D,0,0,0,Injured
Udinese,Thomas Kristensen,D,0,0,0,Doubtful
Udinese,Alexis Sanchez,F,0,0,0,Doubtful

team,name,position,matches,goals,assists,status
Augsburg,Keven Schlotterbeck,D,0,0,0,Suspended
Augsburg,Fredric Jensen,M,0,0,0,Injured
Augsburg,Dimitrios Giannoulis,D,0,0,0,Injured
Augsburg,Kristijan Jakic,M,0,0,0,Injured
Augsburg,Reece Oxford,D,0,0,0,Injured
Augsburg,Tim Breithaupt,M,0,0,0,Injured
Leverkusen,Jeanuel Belocian,M,0,0,0,Injured
Leverkusen,Amine Adli,F,0,0,0,Injured
Leverkusen,Nordi Mukiele ,D,0,0,0,Injured
Leverkusen,Victor Boniface,F,0,0,0,Injured
Leverkusen,Martin Terrier,F,0,0,0,Injured
Leverkusen,Jonas Hofmann,M,0,0,0,Injured
B. Munich,Sven Ulreich ,G,0,0,0,Injured
B. Munich,Aleksandar Pavlovic,M,0,0,0,Injured
B. Munich,Sacha Boey,D,0,0,0,Injured
B. Munich,Josip Stanisic,D,0,0,0,Injured
B. Munich,Hiroki Ito,D,0,0,0,Injured
Bochum,Myron Boadu,F,0,0,0,Injured
Dortmund,Emre Can ,M,0,0,0,Suspended
Dortmund,Kjell Watjen ,M,0,0,0,Injured
Dortmund,Niklas Sule,D,0,0,0,Injured
Dortmund,Karim Adeyemi,F,0,0,0,Injured
Mgladbach,Luka Netz,D,0,0,0,Injured
Frankfurt,Aurele Amenda,M,0,0,0,Injured
Frankfurt,Sasa Kalajdzic,F,0,0,0,Injured
Frankfurt,Oscar Hojlund,M,0,0,0,Injured
Frankfurt,Rasmus Kristensen,D,0,0,0,Injured
Heidenheim,Thomas Keller,D,0,0,0,Injured
Heidenheim,Luka Janes,M,0,0,0,Injured
Heidenheim,Marnon Busch ,D,0,0,0,Injured
Freiburg,Eren Dinkci,F,0,0,0,Injured
Freiburg,Daniel-Kofi Kyereh,M,0,0,0,Injured
Hoffenheim,Christopher Lenz,D,0,0,0,Injured
Hoffenheim,Grischa Prömel,M,0,0,0,Injured
Hoffenheim,Ihlas Bebou,F,0,0,0,Injured
Hoffenheim,Finn Ole Becker,M,0,0,0,Injured
Hoffenheim,Ozan Kabak,D,0,0,0,Injured
Hoffenheim,Stanley Nsoki ,D,0,0,0,Injured
Kiel,Magnus Knudsen ,M,0,0,0,Suspended
Kiel,Carl Johansson ,D,0,0,0,Injured
Kiel,A.Bernhardsson,F,0,0,0,Injured
Kiel,Andu Kelati,M,0,0,0,Injured
Kiel,Benedikt Pichler,F,0,0,0,Injured
Kiel,Colin Kleine-Bekel,M,0,0,0,Injured
Mainz ,Nelson Weiper,M,0,0,0,Injured
Mainz ,Karim Onisiwo ,F,0,0,0,Injured
Leipzig,Xavi Simons,M,0,0,0,Injured
Leipzig,David Raum,D,0,0,0,Injured
Leipzig,Lukas Klostermann,D,0,0,0,Injured
Leipzig,Xaver Schlager,M,0,0,0,Injured
Leipzig,Elif Elmas ,M,0,0,0,Injured
Leipzig,E.C Bitshiabu ,M,0,0,0,Injured
Leipzig,Yussuf Poulsen,F,0,0,0,Injured
St. Pauli,Ben Voll,G,0,0,0,Injured
St. Pauli,Elias Saad,M,0,0,0,Injured
St. Pauli,Connor Metcalfe,M,0,0,0,Injured
St. Pauli,Simon Zoller,F,0,0,0,Injured
St. Pauli,Sascha Burchert,G,0,0,0,Injured
St. Pauli,Soren Ahlers,G,0,0,0,Injured
St. Pauli,Karol Mets ,M,0,0,0,Injured
St. Pauli,Adam Dzwigala ,D,0,0,0,Injured
St. Pauli,Robert Wagner,M,0,0,0,Injured
St. Pauli,Scott Banks ,M,0,0,0,Injured
Union Berlin,Yannic Stein,M,0,0,0,Injured
Union Berlin,Andrej llic,M,0,0,0,Injured
Stuttgart,Luca Raimund,M,0,0,0,Injured
Stuttgart,Dan-Axel Zagadou,D,0,0,0,Injured
Stuttgart,Ameen Al Dakhil,D,0,0,0,Injured
Stuttgart,Jamie Leweling,F,0,0,0,Injured
Stuttgart,El Bilal Toure,F,0,0,0,Injured
Stuttgart,Anrie Chase,M,0,0,0,Injured
Stuttgart,Deniz Undav,F,0,0,0,Injured
Bremen,Felix Agu,D,0,0,0,Injured
Bremen,Oliver Burke,M,0,0,0,Injured
Bremen,Jens Stage,M,0,0,0,Injured
Wolfsburg,Aster Vranckx,M,0,0,0,Injured
Wolfsburg,Joakim Maehle,D,0,0,0,Injured
Wolfsburg,Bartosz Bialek,F,0,0,0,Injured
Wolfsburg,Kevin Paredes,M,0,0,0,Injured
Wolfsburg,Niklas Klinger ,G,0,0,0,Injured
Wolfsburg,Lovro Majer ,M,0,0,0,Injured
Wolfsburg,Jakub Kaminski ,M,0,0,0,Injured
Wolfsburg,Rogerio,D,0,0,0,Injured

team,name,position,matches,goals,assists,status
Angers,Sidiki Cherif,M,0,0,0,Injured
Angers,Joseph Lopy,M,0,0,0,Injured
Angers,Cedric Hountondji,D,0,0,0,Injured
Angers,Zinedine Ferhat,M,0,0,0,Injured
Auxerre,Paul Joly,M,0,0,0,Injured
Auxerre,Ousoumane Camara,M,0,0,0,Injured
Auxerre,Ange Loic N’Gatta ,M,0,0,0,Injured
Brestois,Pierre Lees-Melou,M,0,0,0,Injured
Brestois,Soumaila Coulibaly,D,0,0,0,Injured
Le Havre,Yoann Salmier,D,0,0,0,Suspended
Le Havre,Abdoulaye Toure,M,0,0,0,Suspended
Le Havre,Yann Kitala,M,0,0,0,Injured
Le Havre,Oualid El Hajjam,D,0,0,0,Injured
Le Havre,Arouna Sangante,M,0,0,0,Injured
Le Havre,Andy Logbo,M,0,0,0,Injured
Lens,Sidi Bane,M,0,0,0,Injured
Lens,Ruben Aguilar,D,0,0,0,Injured
Lens,Martin Satriano,F,0,0,0,Injured
Lens,Wesley Said,F,0,0,0,Injured
Lens,Jimmy Cabot,F,0,0,0,Injured
Lens,Jonathan Gradit,D,0,0,0,Suspended
Lens,Abdukodir Khusanov ,M,0,0,0,Suspended
Lille,Tiago Santos,M,0,0,0,Injured
Lille,Ethan Mbappe,M,0,0,0,Injured
Lille,Nabil Bentaleb,M,0,0,0,Injured
Lille,Samuel Umtiti,D,0,0,0,Injured
Lille,Andre Gomes ,M,0,0,0,Injured
Lille,Angel Gomes,M,0,0,0,Injured
Lyon,Nicolas Tagliafico,D,0,0,0,Suspended
Lyon,Duje Cateta-Car,D,0,0,0,Suspended
Lyon,Mahamadou Diawara,M,0,0,0,Injured
Marseille,Amine Harit,M,0,0,0,Doubtful
Marseille,Valentin Carboni,M,0,0,0,Injured
Marseille,Faris Moumbagna,F,0,0,0,Injured
Marseille,Ruben Blanco,G,0,0,0,Injured
Marseille,Pol Lirola,D,0,0,0,Injured
Marseille,Derek Cornelius ,D,0,0,0,Injured
Monaco,Krepin Diatta,F,0,0,0,Injured
Monaco,Folarin Balogun,F,0,0,0,Injured
Monaco,Edan Diop,M,0,0,0,Injured
Montpellier,Jordan Ferri,M,0,0,0,Suspended
Montpellier,Birama Toure,M,0,0,0,Suspended
Montpellier,Boubakar Kouyaté,D,0,0,0,Injured
Montpellier,Yanis Issoufou,M,0,0,0,Injured
Montpellier,Akor Adams,F,0,0,0,Injured
Montpellier,Becir Omeragic,D,0,0,0,Injured
Montpellier,Khalil Fayad,M,0,0,0,Injured
Montpellier,Joris Chotard,M,0,0,0,Injured
Montpellier,Lucas Mincarelli ,M,0,0,0,Injured
Montpellier,Theo Sainte-Luce ,D,0,0,0,Injured
Nantes,Nicolas Pallois ,D,0,0,0,Suspended
Nantes,Johann Lepenant,M,0,0,0,Injured
Nantes,Tino Kadewere,F,0,0,0,Injured
Nice,Morgan Sanson,M,0,0,0,Injured
Nice,Ali Abdi,D,0,0,0,Injured
Nice,Hichem Boudaoui ,M,0,0,0,Injured
Nice,Mohamed Abdelmonem ,M,0,0,0,Injured
Nice,Antonie Mendy ,D,0,0,0,Injured
PSG,Goncalo Ramos ,M,0,0,0,Injured
PSG,Presnel Kimpembe,D,0,0,0,Injured
PSG,Nuno Mendes,D,0,0,0,Injured
PSG,Senny Mayulu,M,0,0,0,Injured
Reims,Emmanuel Agbadou,D,0,0,0,Suspended
Reims,Mohammed Daramy,F,0,0,0,Injured
Reims,Reda Khadra,F,0,0,0,Injured
Rennes,Adrien Truffert,D,0,0,0,Suspended
Saint-Etienne,Ben Old,M,0,0,0,Injured
Saint-Etienne,Yvann Macon,D,0,0,0,Injured
Saint-Etienne,Mickael Nade,D,0,0,0,Injured
Saint-Etienne,Anthony Briancon,M,0,0,0,Injured
Strasbourg,Habib Diarra,M,0,0,0,Suspended
Strasbourg,Emanuel Emegha,F,0,0,0,Injured
Strasbourg,Alaa Bellaarouch,M,0,0,0,Injured
Strasbourg,Thomas Delaine,D,0,0,0,Injured
Strasbourg,Moise Sahi Dion,F,0,0,0,Injured
Toulouse,Mamadou Sarr,M,0,0,0,Injured

team,name,position,matches,goals,assists,status
Alanyaspor,Furkan Bayir ,D,0,0,0,Injured
Antalyaspor,Bahadir Ozturk,D,0,0,0,Injured
Antalyaspor,Bunyamin Balci,M,0,0,0,Doubtful
Antalyaspor,Emrecan Uzunhan,M,0,0,0,Doubtful
Besiktas,Emir Han Topcu ,M,0,0,0,Suspended
Besiktas,Ciro Immobile ,F,0,0,0,Injured
Besiktas,Necip Uysal ,M,0,0,0,Injured
Bodrumspor,Christophe Herelle,D,0,0,0,Doubtful
Bodrumspor,Suleyman Ozdamar,M,0,0,0,Injured
Bodrumspor,Mustafa Erdilman,M,0,0,0,Injured
Bodrumspor,Tunahan Akpınar,M,0,0,0,Injured
Bodrumspor,Musah Mohammed ,M,0,0,0,Suspended
Eyupspor,Recep Niyaz,M,0,0,0,Doubtful
Fenerbahce,Alexander Djiku,D,0,0,0,Injured
Fenerbahce,Jayden Oosterwolde ,D,0,0,0,Injured
Galatasaray,Ismail Jakobs,M,0,0,0,Injured
Galatasaray,Mauro Icardi ,F,0,0,0,Injured
Galatasaray,Kaan Ayhan ,D,0,0,0,Suspended
Gaziantep,G. Bitok Stephen,M,0,0,0,Doubtful
Goztepe,Kubilay Kanatsizkus,F,0,0,0,Doubtful
Hatayspor,Massanga Matondo,M,0,0,0,Injured
Kasimpasa,Nuno da Costa,F,0,0,0,Suspended
Kasimpasa,K. Josiah Omeruo ,D,0,0,0,Injured
Kayserispor,Majid Hosseini,D,0,0,0,Doubtful
Kayserispor,Anthony Uzodimma ,M,0,0,0,Injured
Konyaspor,Josip Calusic,M,0,0,0,Injured
Rizespor,Benhur Keser,M,0,0,0,Injured
Rizespor,C.Hojer Nielsen,D,0,0,0,Injured
Sivasspor,Mehmet Albayrak,M,0,0,0,Injured
Sivasspor,Ugur Ciftci ,D,0,0,0,Suspended
Trabzonspor,Serkan Asan,D,0,0,0,Injured
Trabzonspor,Stefan Savic,D,0,0,0,Doubtful
Trabzonspor,Anthony Nwakaeme ,F,0,0,0,Injured

team,name,position,matches,goals,assists,status
Ajax,Julian Rijkhoff,M,0,0,0,Doubtful
Ajax,Sivert Mannsverk,M,0,0,0,Doubtful
Ajax,A. van Axel,M,0,0,0,Doubtful
Ajax,Gaston Avila,D,0,0,0,Doubtful
Ajax,Josip Sutalo ,D,0,0,0,Injured
Almere, Alex Balboa ,M,0,0,0,Doubtful
Almere, Baptiste Guillaume,F,0,0,0,Doubtful
Alkmaar,Ruben Van Bommel,M,0,0,0,Injured
Alkmaar,Sem Westerveld,M,0,0,0,Doubtful
Alkmaar,Bruno Martins,D,0,0,0,Doubtful
Alkmaar,Ernest Poku ,M,0,0,0,Injured
Alkmaar,Jordy Clasie ,M,0,0,0,Injured
Alkmaar,Zico Buurmeester ,M,0,0,0,Injured
Alkmaar,Ibrahim Sadiq ,F,0,0,0,Injured
Alkmaar,Kristijan Belic ,M,0,0,0,Doubtful
Alkmaar,Lewis Schouten ,M,0,0,0,Doubtful
FC Twente,Younes Taha,M,0,0,0,Injured
FC Twente,Mees Hilgers ,D,0,0,0,Injured
FC Twente,Sem Steijn ,M,0,0,0, Doubtful
Utrecht,Alonzo Engwanda,M,0,0,0,Doubtful
Utrecht,Kevin Gadellaa,M,0,0,0,Doubtful
Utrecht,Can Bozdogan ,M,0,0,0,Injured
Utrecht,Zidane Lqbal ,M,0,0,0,Injured
Utrecht,Michael Brouwer ,G,0,0,0, Injured
Feyenoord,Hugo Bueno,D,0,0,0,Injured
Feyenoord,Ibrahim Osman,M,0,0,0,Injured
Feyenoord,Ayase Ueda ,M,0,0,0,Injured
Feyenoord,Antoni Milambo ,M,0,0,0,Injured
Sittard,Kaj Sierhuis,F,0,0,0,Doubtful
GA Eagles.,Soren Tengstedt,F,0,0,0,Injured
Heracles,Sem Scheperman,M,0,0,0,Doubtful
Heracles,Stjin Bultman ,M,0,0,0,Doubtful
Heracles,Sava Cestic ,D,0,0,0,Doubtful
Heracles,Nikolai Lauren ,F,0,0,0,Doubtful
Breda,Leo Greiml ,D,0,0,0,Suspended
Breda,Cherrion Vaerius,M,0,0,0,Injured
Breda,Aimé Omgba,M,0,0,0,Doubtful
NEC Nijmegen,Dirk Proper,M,0,0,0,Doubtful
NEC Nijmegen,Y. Borges Sanches,M,0,0,0,Injured
Zwolle,Simon Graves Jensen ,D,0,0,0,Injured
Zwolle,Tristan Gooijer,M,0,0,0,Doubtful
Zwolle,Samir Lagsir,M,0,0,0,Doubtful
PSV,Adamo Nagalo, D,0,0,0,Injured
PSV,Jerdy Schouten , M,0,0,0,Injured
PSV,Joey Veerman , M,0,0,0,Injured
PSV,Luuk de Jong , F,0,0,0,Injured
PSV,Sergino Dest , D,0,0,0,Doubtful
Waalwijk,Faissal Al Mazyani,M,0,0,0,Suspended
Waalwijk,Michiel Kramer,F,0,0,0,Doubtful
Waalwijk,Nouri El Harmazi,M,0,0,0,Doubtful
SC Heerenveen, Mickey van der Hart, G,0,0,0,Injured
Sparta,D. van der ,M,0,0,0,Suspended
Sparta,Jonathan De Guzman ,M,0,0,0,Doubtful
Sparta,Teo Quintero,M,0,0,0,Doubtful
Willem II,Khaled Razak,M,0,0,0,Doubtful
Willem II,Dani Mathieu,M,0,0,0,Doubtful
Willem II,Erik Schouten,D,0,0,0,Doubtful
Willem II,Niels van Berkel,M,0,0,0,Doubtful
Willem II,Valentino Vermeulen ,M,0,0,0,Injured

team,name,position,matches,goals,assists,status
AIK,S. Papagiannopoulos,D,0,0,0,Injured
AIK,Taha Ayari,M,0,0,0,Injured
AIK,Abdihakin Ali,M,0,0,0,Injured
AIK,Alexander Fesshaie,M,0,0,0,Injured
AIK,Martin Ellingsen,M,0,0,0,Injured
Brommapojkarna,Liam Tahwildaran,M,0,0,0,Injured
Brommapojkarna,Tim Waker,M,0,0,0,Injured
Brommapojkarna,G. S. Magnusson,M,0,0,0,Injured
Brommapojkarna,Liam Jordan,M,0,0,0,Injured
Brommapojkarna,Kevin Ackermann,M,0,0,0,Injured
Djurgarden,Rasmus Schuller ,M,0,0,0,Injured
Elsborg, Per Frick,F,0,0,0,Injured
GAIS,Mergim Krasniqi,G,0,0,0,Suspended
GAIS,Joak Aberg ,M,0,0,0,Injured
GAIS,Anes Cardaklija ,M,0,0,0,Injured
GAIS,Robin Frej,M,0,0,0,Injured
GAIS,Mervan Celik ,M,0,0,0,Injured
Hacken,Even Hovland,D,0,0,0,Injured
Hacken,Zeidane Inoussa,M,0,0,0,Injured
Hacken,Isak Brusberg,M,0,0,0,Injured
Hacken,Ali Youssef ,M,0,0,0,Injured
Hacken,Axel Lindahl ,M,0,0,0,Injured
Hacken,Julius Lindberg ,M,0,0,0,Suspended
Hacken,Adam Lundqvist ,D,0,0,0,Suspended
Hacken,Amor Layouni ,F,0,0,0,Suspended
Halmstad,Tim Erlandsson,G,0,0,0,Injured
Hammarby,Dennis Collander,M,0,0,0,Injured
Hammarby,Marc Llinares,M,0,0,0,Injured
IFK Goteborg,Oscar Wendt,D,0,0,0,Injured
IFK Goteborg,Lucas Kahed,M,0,0,0,Injured
IFK Goteborg,Thomas Santos,M,0,0,0,Injured
IFK Goteborg,Paulos Abraham,F,0,0,0,Injured
IFK Goteborg,Abundance Salaou,M,0,0,0,Injured
IFK Varnamo,Michael Steinwender,D,0,0,0,Suspended
IFK Norrkoping,Ismet Lukshaku,M,0,0,0,Injured
IFK Norrkoping,Isak Ssewankambo ,D,0,0,0,Injured
Kalmar FF,Jonathan Ring,M,0,0,0,Injured
Kalmar FF,Robert Gojani ,D,0,0,0,Injured
Malmo ,Sead Haksabanovic,F,0,0,0,Injured
Malmo ,Anton Tinnerholm,D,0,0,0,Injured
Malmo ,Stefano Vecchia,M,0,0,0,Injured
Malmo ,Jens Larsen ,D,0,0,0,Injured
Malmo ,Johan Dahlin ,G,0,0,0,Injured
Malmo ,Taha Abdi Ali ,M,0,0,0,Suspended
Mjallby,Viktor Gustafsson,M,0,0,0,Suspended
Sirius,Herman Sjogrell,M,0,0,0,Injured
Vasteras,Herman Magnusson,M,0,0,0,Injured

team,name,position,matches,goals,assists,status
Argentinos Juniors,Alan Rodriguez,M,0,0,0,Injured
Argentinos Juniors,Erik Godoy,D,0,0,0,Injured
Argentinos Juniors,Luciano Sanchez,M,0,0,0,Injured
Atletico Tucuman,Gino Peruzzi,D,0,0,0,Injured
Banfield,Juan Alvarez,F,0,0,0,Injured
Banfield,Damian Diaz,M,0,0,0,Injured
Banfield,Alejandro Cabrera,M,0,0,0,Injured
Banfield,Lautaro Gomez ,M,0,0,0,Injured
Banfield,Gabriel Aranda,M,0,0,0,Suspended
Banfield,Geronimo Rivera,M,0,0,0,Injured
Banfield,Bruno Sepulveda,F,0,0,0,Injured
Banfield,Nicolás Hernández,M,0,0,0,Injured
Banfield,Braian Galvan,F,0,0,0,Injured
Banfield,Alexis Maldonado,D,0,0,0,Injured
Banfield,Guillermo Enrique,M,0,0,0,Injured
Barracas Central,Sebastian Moyano,G,0,0,0,Injured
Barracas Central,Lucas Lopez,M,0,0,0,Injure
Barracas Central,Gonzalo Goni ,D,0,0,0,Injured
Belgrano Central,Matias Marin,M,0,0,0,Injured
Belgrano Central,Nicolas Fernandez ,F,0,0,0,Injured
Belgrano Central,Bryan Reyna,M,0,0,0,Injured
Boca Juniors,Cristian Lema,D,0,0,0,Injured
Boca Juniors,Miguel Merentiel,F,0,0,0,Injured
Boca Juniors,Aaron Anselmino,M,0,0,0,Injured
Central Cordoba,Lautaro Montoya,D,0,0,0,Injured
Platense,Juan Pablo Pignani,M,0,0,0,Injured
Platense,Juan Pablo Goicochea,M,0,0,0,Injured
Platense,Raul Lozano,D,0,0,0,Injured
Platense,Ciro Rius,F,0,0,0,Injured
Defensa Justicia,Benjamín Schamine,M,0,0,0,Suspended
Estudiantes La Plata,Pablo Piatti,F,0,0,0,Injured
Estudiantes La Plata,Facundo Rodriguez ,D,0,0,0,Injured
Estudiantes La Plata,Matias Contrera ,M,0,0,0,Injured
Gimnasia La Plata,Lucas Castro,M,0,0,0,Injured
Gimnasia La Plata,Gonzalo Gonzalez,M,0,0,0,Injured
Gimnasia La Plata,Matias Abaldo ,M,0,0,0,Injured
Gimnasia La Plata,Ivo Mammini ,F,0,0,0,Injured
Gimnasia La Plata,Pablo De Blasis,M,0,0,0,Injured
Godoy Cruz,Nicolas Fernandez,M,0,0,0,Injured
Godoy Cruz,Elias Pereyra,D,0,0,0,Injured
Godoy Cruz,Pier Barrios,D,0,0,0,Injured
Godoy Cruz,Nahuel Ulariaga,F,0,0,0,Injured
Huracan,Sebastián Ramirez,M,0,0,0,Injured
Huracan,Lucas Carrizo,M,0,0,0,Injured
Independiente,Santiago Montiel,M,0,0,0,Injured
Independiente,Adrian Sporle,D,0,0,0,Injured
Ind. Rivadavia,Federico Moreno,M,0,0,0,Injured
Instituto Atletico,Jeremias Lazaro ,M,0,0,0,Injured
Instituto Atletico,Jonas Acevedo ,M,0,0,0,Injured
Instituto Atletico,Fernando Alarcon ,D,0,0,0,Injured
Lanus,Walter Bou,F,0,0,0,Injured
Lanus,Nicolas Morgantini,D,0,0,0,Injured
Lanus,Raul Loaiza,M,0,0,0,Injured
Lanus,Ramiro Carrera ,M,0,0,0,Injured
Lanus,Leandro Diaz ,F,0,0,0,Injured
Lanus,Nery Dominguez,M,0,0,0,Injured
Newells,Jeronimo Cacciabue,M,0,0,0,Injured
Newells,Brian Calderara ,D,0,0,0,Injured
River Plate,German Pezzella ,D,0,0,0,Injured
River Plate,Marcos Acuna ,D,0,0,0,Injured
River Plate,Enzo Diaz,D,0,0,0,Injured
Rosario Central,Miguel Barbieri,D,0,0,0,Injured
Rosario Central,Carlos Quintana,D,0,0,0,Injured
Rosario Central,Facundo Mallo,M,0,0,0,Injured
Rosario Central,Tomas O'Connor,M,0,0,0,Injured
San Lorenzo,manuel Insaurralde ,M,0,0,0,Injured
San Lorenzo,Gaston Hernandez,D,0,0,0,Injured
San Lorenzo,Nahuel Arias,M,0,0,0,Injured
San Lorenzo,Nicolas Tripichio,D,0,0,0,Injured
Sarmiento,Manuel Monaco,M,0,0,0,Injured
Sarmiento,Emiliano Mendez,M,0,0,0,Injured
Talleres Cordoba,Alex Vigo,D,0,0,0,Injured
Talleres Cordoba,Matias Esquivel,F,0,0,0,Injured
Talleres Cordoba,Valentin Depietri,F,0,0,0,Injured
Tigre,Brian leizza ,M,0,0,0,Injured
Tigre,Florian Monzon,F,0,0,0,Injured
Tigre,Angelo Marchese ,M,0,0,0,Injured
Tigre,Ijiel Protti,F,0,0,0,Injured
Union, Nicolas Orsini,F,0,0,0,Injured
Union, Claudio Carvalan,D,0,0,0,Injured
Union, Bruno Pitton,D,0,0,0,Injured
Velez Sarsfield,Santiago Caseres,D,0,0,0,Suspended
Velez Sarsfield,Alejo Sarco,M,0,0,0,Injured
Velez Sarsfield,Ricardo Centurion,F,0,0,0,Injured
Velez Sarsfield,Yeison Gordillo,M,0,0,0,Injured


